"ID_Sito";"Nome_Sito";"Indirizzo";"Sistema";"Attivita";"Frequenza";"Normativa";"Stato_Documentale";"Note";"Last_Date";"Next_Date";"Urgency";"Priority"
"01";"Via Doria 52";"Via Andrea Doria 52";"MECCANICI";"2 n.ro x Caldaie (36-350 kW)";"Mensile/Trimestrale";"DPR 74/13";"DA VERIFICARE";"Analisi combustione.";"";"2026-06-15";"Normal";"10"
"01";"Via Doria 52";"Via Andrea Doria 52";"MECCANICI";"1 n.ro x Gruppi Frigo / Chiller";"Mensile / Trimestrale";"Reg. (UE) 517";"DA VERIFICARE";"Ricerca perdite.";"";"2026-06-15";"Normal";"30"
"01";"Via Doria 52";"Via Andrea Doria 52";"MECCANICI";"4075 m2 n.ro x Distribuzione impianti idronici e sottocentrali";"Annuale";"Norme Tecniche";"DA VERIFICARE";"Manutenzione";"";"2026-06-15";"Normal";"40"
"01";"Via Doria 52";"Via Andrea Doria 52";"MECCANICI";"4 n.ro x Condizionatori tipo split/VRV/carrellabili";"Annuale";"Linee Guida";"DA VERIFICARE";"Sanificazione";"";"2026-06-15";"Normal";"60"
"01";"Via Doria 52";"Via Andrea Doria 52";"MECCANICI";"1 n.ro x UTA (Trattamento Aria)";"Trimestrale";"Linee Guida";"DA VERIFICARE";"Sostituzione filtri.";"";"2026-06-15";"Normal";"70"
"01";"Via Doria 52";"Via Andrea Doria 52";"MECCANICI";"3715 m2 n.ro x Canali di distribuzione, ripresa, serrande";"Annuale";"Linee Guida";"DA VERIFICARE";"Pulizia condotte";"";"2026-06-15";"Normal";"80"
"01";"Via Doria 52";"Via Andrea Doria 52";"ELETTRICI";"4075 m2 n.ro x Quadri e Distribuzione";"Annuale";"CEI 64-8";"DA VERIFICARE";"Pulizia carpenteria.";"";"2026-06-15";"Normal";"90"
"01";"Via Doria 52";"Via Andrea Doria 52";"ELETTRICI";"43 n.ro x Locali Uso Medico (G1/G2)";"Annuale/Semestrale";"CEI 64-8/7-710";"DA VERIFICARE";"Prova differenziali.";"";"2026-06-15";"Normal";"110"
"01";"Via Doria 52";"Via Andrea Doria 52";"ELETTRICI";"4075 m2 n.ro x Impianto Terra / Scariche";"Biennale";"DPR 462/01";"DA VERIFICARE";"Misura resistenza terra.";"";"2026-06-15";"Normal";"120"
"01";"Via Doria 52";"Via Andrea Doria 52";"MECCANICI";"1 n.ro x Centrali idriche (Vasche)";"Mensile";"D.Lgs 31/01";"DA VERIFICARE";"Controllo vasche";"";"2026-06-15";"Normal";"130"
"01";"Via Doria 52";"Via Andrea Doria 52";"MECCANICI";"1 n.ro x Addolcitori";"Settimanale/Mensile";"DM 25/12";"DA VERIFICARE";"Verifica durezza.";"";"2026-06-15";"Normal";"140"
"01";"Via Doria 52";"Via Andrea Doria 52";"MECCANICI";"4075 m2 n.ro x Distribuzione idrico sanitaria";"Annuale";"D.Lgs 31/01";"DA VERIFICARE";"Verifiche perdite";"";"2026-06-15";"Normal";"150"
"01";"Via Doria 52";"Via Andrea Doria 52";"MECCANICI";"1 n.ro x Produttori Biossido Cloro";"Settimanale";"Linee Guida";"DA VERIFICARE";"Dosaggio continuo.";"";"2026-06-15";"Normal";"160"
"01";"Via Doria 52";"Via Andrea Doria 52";"MECCANICI";"3 n.ro x Prove della legionella della rete idrico-sanitaria";"Annuale";"Linee Guida";"DA VERIFICARE";"Prelievi";"";"2026-06-15";"Normal";"170"
"01";"Via Doria 52";"Via Andrea Doria 52";"ANTINCENDIO";"4055 m2 n.ro x Rilevazione Fumi";"Semestrale";"UNI 11224";"DA VERIFICARE";"Test dei rilevatori.";"";"2026-06-15";"Normal";"190"
"01";"Via Doria 52";"Via Andrea Doria 52";"ANTINCENDIO";"1374 m2 n.ro x Illum. Emergenza";"Semestrale";"UNI EN 1838";"DA VERIFICARE";"Test di autonomia.";"";"2026-06-15";"Normal";"200"
"01";"Via Doria 52";"Via Andrea Doria 52";"ANTINCENDIO";"90 n.ro x Porte Tagliafuoco / REI";"Semestrale";"DM 10/03/98";"DA VERIFICARE";"Verifica integritÃ  guarnizioni.";"";"2026-06-15";"Normal";"210"
"01";"Via Doria 52";"Via Andrea Doria 52";"ANTINCENDIO";"54 n.ro x Estintori";"Semestrale";"UNI 9994-1, DPR 151/11";"DA VERIFICARE";"Verificare pressione, carica e integritÃ .";"";"2026-06-15";"Normal";"220"
"01";"Via Doria 52";"Via Andrea Doria 52";"ANTINCENDIO";"21 n.ro x Idranti / Naspi";"Semestrale";"UNI 10779";"DA VERIFICARE";"Prova di portata e pressione.";"";"2026-06-15";"Normal";"240"
"01";"Via Doria 52";"Via Andrea Doria 52";"ELEVATORI";"1 n.ro x Elevatori (1-5 piani)";"Mensile / Semestrale";"DPR 162/99";"DA VERIFICARE";"Verifica sicurezze.";"";"2026-06-15";"Normal";"250"
"01";"Via Doria 52";"Via Andrea Doria 52";"ELEVATORI";"3 n.ro x Elevatori (6-10 piani)";"Mensile / Semestrale";"DPR 162/99";"DA VERIFICARE";"Lubrificazione organi.";"";"2026-06-15";"Normal";"260"
"01";"Via Doria 52";"Via Andrea Doria 52";"MECCANICI";"1 n.ro x Pompe Sollevamento";"Mensile";"D.Lgs 81/08";"DA VERIFICARE";"Verifica galleggianti.";"";"2026-06-15";"Normal";"280"
"01";"Via Doria 52";"Via Andrea Doria 52";"EDILE";"1 n.ro x Cancelli e sbarre motorizzati";"Semestrale";"D.Lgs 81/08";"DA VERIFICARE";"Sicurezze";"";"2026-06-15";"Normal";"290"
"01";"Via Doria 52";"Via Andrea Doria 52";"EDILE";"2 n.ro x Porte automatiche e portoni sezionali";"Semestrale";"D.Lgs 81/08";"DA VERIFICARE";"Sicurezze";"";"2026-06-15";"Normal";"300"
"02";"Via Don Orione 2";"Via Don Orione 2";"MECCANICI";"4 n.ro x Caldaie (36-350 kW)";"Mensile/Trimestrale";"DPR 74/13";"DA VERIFICARE";"Analisi combustione.";"";"2026-06-15";"Normal";"10"
"02";"Via Don Orione 2";"Via Don Orione 2";"MECCANICI";"2 n.ro x Gruppi Frigo / Chiller";"Mensile / Trimestrale";"Reg. (UE) 517";"DA VERIFICARE";"Ricerca perdite.";"";"2026-06-15";"Normal";"30"
"02";"Via Don Orione 2";"Via Don Orione 2";"MECCANICI";"2967 m2 n.ro x Distribuzione impianti idronici e sottocentrali";"Annuale";"Norme Tecniche";"DA VERIFICARE";"Manutenzione";"";"2026-06-15";"Normal";"40"
"02";"Via Don Orione 2";"Via Don Orione 2";"MECCANICI";"2 n.ro x UTA (Trattamento Aria)";"Trimestrale";"Linee Guida";"DA VERIFICARE";"Sostituzione filtri.";"";"2026-06-15";"Normal";"70"
"02";"Via Don Orione 2";"Via Don Orione 2";"MECCANICI";"2412 m2 n.ro x Canali di distribuzione, ripresa, serrande";"Annuale";"Linee Guida";"DA VERIFICARE";"Pulizia condotte";"";"2026-06-15";"Normal";"80"
"02";"Via Don Orione 2";"Via Don Orione 2";"ELETTRICI";"2967 m2 n.ro x Quadri e Distribuzione";"Annuale";"CEI 64-8";"DA VERIFICARE";"Pulizia carpenteria.";"";"2026-06-15";"Normal";"90"
"02";"Via Don Orione 2";"Via Don Orione 2";"ELETTRICI";"23 n.ro x Locali Uso Medico (G1/G2)";"Annuale/Semestrale";"CEI 64-8/7-710";"DA VERIFICARE";"Prova differenziali.";"";"2026-06-15";"Normal";"110"
"02";"Via Don Orione 2";"Via Don Orione 2";"ELETTRICI";"2967 m2 n.ro x Impianto Terra / Scariche";"Biennale";"DPR 462/01";"DA VERIFICARE";"Misura resistenza terra.";"";"2026-06-15";"Normal";"120"
"02";"Via Don Orione 2";"Via Don Orione 2";"MECCANICI";"1 n.ro x Addolcitori";"Settimanale/Mensile";"DM 25/12";"DA VERIFICARE";"Verifica durezza.";"";"2026-06-15";"Normal";"140"
"02";"Via Don Orione 2";"Via Don Orione 2";"MECCANICI";"2967 m2 n.ro x Distribuzione idrico sanitaria";"Annuale";"D.Lgs 31/01";"DA VERIFICARE";"Verifiche perdite";"";"2026-06-15";"Normal";"150"
"02";"Via Don Orione 2";"Via Don Orione 2";"MECCANICI";"1 n.ro x Produttori Biossido Cloro";"Settimanale";"Linee Guida";"DA VERIFICARE";"Dosaggio continuo.";"";"2026-06-15";"Normal";"160"
"02";"Via Don Orione 2";"Via Don Orione 2";"MECCANICI";"3 n.ro x Prove della legionella della rete idrico-sanitaria";"Annuale";"Linee Guida";"DA VERIFICARE";"Prelievi";"";"2026-06-15";"Normal";"170"
"02";"Via Don Orione 2";"Via Don Orione 2";"ANTINCENDIO";"2882 m2 n.ro x Rilevazione Fumi";"Semestrale";"UNI 11224";"DA VERIFICARE";"Test dei rilevatori.";"";"2026-06-15";"Normal";"190"
"02";"Via Don Orione 2";"Via Don Orione 2";"ANTINCENDIO";"1133 m2 n.ro x Illum. Emergenza";"Semestrale";"UNI EN 1838";"DA VERIFICARE";"Test di autonomia.";"";"2026-06-15";"Normal";"200"
"02";"Via Don Orione 2";"Via Don Orione 2";"ANTINCENDIO";"36 n.ro x Porte Tagliafuoco / REI";"Semestrale";"DM 10/03/98";"DA VERIFICARE";"Verifica integritÃ  guarnizioni.";"";"2026-06-15";"Normal";"210"
"02";"Via Don Orione 2";"Via Don Orione 2";"ANTINCENDIO";"35 n.ro x Estintori";"Semestrale";"UNI 9994-1, DPR 151/11";"DA VERIFICARE";"Verificare pressione, carica e integritÃ .";"";"2026-06-15";"Normal";"220"
"02";"Via Don Orione 2";"Via Don Orione 2";"ANTINCENDIO";"22 n.ro x Idranti / Naspi";"Semestrale";"UNI 10779";"DA VERIFICARE";"Prova di portata e pressione.";"";"2026-06-15";"Normal";"240"
"02";"Via Don Orione 2";"Via Don Orione 2";"ELEVATORI";"2 n.ro x Elevatori (1-5 piani)";"Mensile / Semestrale";"DPR 162/99";"DA VERIFICARE";"Verifica sicurezze.";"";"2026-06-15";"Normal";"250"
"02";"Via Don Orione 2";"Via Don Orione 2";"ELEVATORI";"1 n.ro x Servoscala";"Semestrale";"DPR 162/99";"DA VERIFICARE";"Verifica dispositivi.";"";"2026-06-15";"Normal";"270"
"02";"Via Don Orione 2";"Via Don Orione 2";"MECCANICI";"1 n.ro x Pompe Sollevamento";"Mensile";"D.Lgs 81/08";"DA VERIFICARE";"Verifica galleggianti.";"";"2026-06-15";"Normal";"280"
"02";"Via Don Orione 2";"Via Don Orione 2";"EDILE";"1 n.ro x Porte automatiche e portoni sezionali";"Semestrale";"D.Lgs 81/08";"DA VERIFICARE";"Sicurezze";"";"2026-06-15";"Normal";"300"
"03";"Via Farini 9";"Via Carlo Farini 9";"MECCANICI";"2 n.ro x Caldaie (>350 kW)";"Settimanale";"DPR 74/13";"DA VERIFICARE";"Controllo pressione.";"";"2026-06-15";"Normal";"20"
"03";"Via Farini 9";"Via Carlo Farini 9";"MECCANICI";"1 n.ro x Gruppi Frigo / Chiller";"Mensile / Trimestrale";"Reg. (UE) 517";"DA VERIFICARE";"Ricerca perdite.";"";"2026-06-15";"Normal";"30"
"03";"Via Farini 9";"Via Carlo Farini 9";"MECCANICI";"5958 m2 n.ro x Distribuzione impianti idronici e sottocentrali";"Annuale";"Norme Tecniche";"DA VERIFICARE";"Manutenzione";"";"2026-06-15";"Normal";"40"
"03";"Via Farini 9";"Via Carlo Farini 9";"MECCANICI";"11 n.ro x Condizionatori tipo split/VRV/carrellabili";"Annuale";"Linee Guida";"DA VERIFICARE";"Sanificazione";"";"2026-06-15";"Normal";"60"
"03";"Via Farini 9";"Via Carlo Farini 9";"MECCANICI";"1 n.ro x UTA (Trattamento Aria)";"Trimestrale";"Linee Guida";"DA VERIFICARE";"Sostituzione filtri.";"";"2026-06-15";"Normal";"70"
"03";"Via Farini 9";"Via Carlo Farini 9";"MECCANICI";"2410 m2 n.ro x Canali di distribuzione, ripresa, serrande";"Annuale";"Linee Guida";"DA VERIFICARE";"Pulizia condotte";"";"2026-06-15";"Normal";"80"
"03";"Via Farini 9";"Via Carlo Farini 9";"ELETTRICI";"5958 m2 n.ro x Quadri e Distribuzione";"Annuale";"CEI 64-8";"DA VERIFICARE";"Pulizia carpenteria.";"";"2026-06-15";"Normal";"90"
"03";"Via Farini 9";"Via Carlo Farini 9";"ELETTRICI";"32 n.ro x Locali Uso Medico (G1/G2)";"Annuale/Semestrale";"CEI 64-8/7-710";"DA VERIFICARE";"Prova differenziali.";"";"2026-06-15";"Normal";"110"
"03";"Via Farini 9";"Via Carlo Farini 9";"ELETTRICI";"5958 m2 n.ro x Impianto Terra / Scariche";"Biennale";"DPR 462/01";"DA VERIFICARE";"Misura resistenza terra.";"";"2026-06-15";"Normal";"120"
"03";"Via Farini 9";"Via Carlo Farini 9";"MECCANICI";"1 n.ro x Centrali idriche (Vasche)";"Mensile";"D.Lgs 31/01";"DA VERIFICARE";"Controllo vasche";"";"2026-06-15";"Normal";"130"
"03";"Via Farini 9";"Via Carlo Farini 9";"MECCANICI";"1 n.ro x Addolcitori";"Settimanale/Mensile";"DM 25/12";"DA VERIFICARE";"Verifica durezza.";"";"2026-06-15";"Normal";"140"
"03";"Via Farini 9";"Via Carlo Farini 9";"MECCANICI";"5958 m2 n.ro x Distribuzione idrico sanitaria";"Annuale";"D.Lgs 31/01";"DA VERIFICARE";"Verifiche perdite";"";"2026-06-15";"Normal";"150"
"03";"Via Farini 9";"Via Carlo Farini 9";"MECCANICI";"1 n.ro x Produttori Biossido Cloro";"Settimanale";"Linee Guida";"DA VERIFICARE";"Dosaggio continuo.";"";"2026-06-15";"Normal";"160"
"03";"Via Farini 9";"Via Carlo Farini 9";"MECCANICI";"3 n.ro x Prove della legionella della rete idrico-sanitaria";"Annuale";"Linee Guida";"DA VERIFICARE";"Prelievi";"";"2026-06-15";"Normal";"170"
"03";"Via Farini 9";"Via Carlo Farini 9";"ANTINCENDIO";"5580 m2 n.ro x Rilevazione Fumi";"Semestrale";"UNI 11224";"DA VERIFICARE";"Test dei rilevatori.";"";"2026-06-15";"Normal";"190"
"03";"Via Farini 9";"Via Carlo Farini 9";"ANTINCENDIO";"1399 m2 n.ro x Illum. Emergenza";"Semestrale";"UNI EN 1838";"DA VERIFICARE";"Test di autonomia.";"";"2026-06-15";"Normal";"200"
"03";"Via Farini 9";"Via Carlo Farini 9";"ANTINCENDIO";"59 n.ro x Porte Tagliafuoco / REI";"Semestrale";"DM 10/03/98";"DA VERIFICARE";"Verifica integritÃ  guarnizioni.";"";"2026-06-15";"Normal";"210"
"03";"Via Farini 9";"Via Carlo Farini 9";"ANTINCENDIO";"65 n.ro x Estintori";"Semestrale";"UNI 9994-1, DPR 151/11";"DA VERIFICARE";"Verificare pressione, carica e integritÃ .";"";"2026-06-15";"Normal";"220"
"03";"Via Farini 9";"Via Carlo Farini 9";"ANTINCENDIO";"18 n.ro x Idranti / Naspi";"Semestrale";"UNI 10779";"DA VERIFICARE";"Prova di portata e pressione.";"";"2026-06-15";"Normal";"240"
"03";"Via Farini 9";"Via Carlo Farini 9";"ELEVATORI";"3 n.ro x Elevatori (1-5 piani)";"Mensile / Semestrale";"DPR 162/99";"DA VERIFICARE";"Verifica sicurezze.";"";"2026-06-15";"Normal";"250"
"03";"Via Farini 9";"Via Carlo Farini 9";"ELEVATORI";"1 n.ro x Elevatori (6-10 piani)";"Mensile / Semestrale";"DPR 162/99";"DA VERIFICARE";"Lubrificazione organi.";"";"2026-06-15";"Normal";"260"
"03";"Via Farini 9";"Via Carlo Farini 9";"EDILE";"1 n.ro x Cancelli e sbarre motorizzati";"Semestrale";"D.Lgs 81/08";"DA VERIFICARE";"Sicurezze";"";"2026-06-15";"Normal";"290"
"04";"Via Rugabella 4_6";"Via Rugabella 4";"MECCANICI";"4 n.ro x Caldaie (36-350 kW)";"Mensile/Trimestrale";"DPR 74/13";"DA VERIFICARE";"Analisi combustione.";"";"2026-06-15";"Normal";"10"
"04";"Via Rugabella 4_6";"Via Rugabella 4";"MECCANICI";"1 n.ro x Gruppi Frigo / Chiller";"Mensile / Trimestrale";"Reg. (UE) 517";"DA VERIFICARE";"Ricerca perdite.";"";"2026-06-15";"Normal";"30"
"04";"Via Rugabella 4_6";"Via Rugabella 4";"MECCANICI";"4088 m2 n.ro x Distribuzione impianti idronici e sottocentrali";"Annuale";"Norme Tecniche";"DA VERIFICARE";"Manutenzione";"";"2026-06-15";"Normal";"40"
"04";"Via Rugabella 4_6";"Via Rugabella 4";"MECCANICI";"10 n.ro x Ventilconvettori";"Annuale";"Linee Guida";"DA VERIFICARE";"Pulizia filtri";"";"2026-06-15";"Normal";"50"
"04";"Via Rugabella 4_6";"Via Rugabella 4";"MECCANICI";"5 n.ro x Condizionatori tipo split/VRV/carrellabili";"Annuale";"Linee Guida";"DA VERIFICARE";"Sanificazione";"";"2026-06-15";"Normal";"60"
"04";"Via Rugabella 4_6";"Via Rugabella 4";"MECCANICI";"3 n.ro x UTA (Trattamento Aria)";"Trimestrale";"Linee Guida";"DA VERIFICARE";"Sostituzione filtri.";"";"2026-06-15";"Normal";"70"
"04";"Via Rugabella 4_6";"Via Rugabella 4";"MECCANICI";"3312 m2 n.ro x Canali di distribuzione, ripresa, serrande";"Annuale";"Linee Guida";"DA VERIFICARE";"Pulizia condotte";"";"2026-06-15";"Normal";"80"
"04";"Via Rugabella 4_6";"Via Rugabella 4";"ELETTRICI";"4088 m2 n.ro x Quadri e Distribuzione";"Annuale";"CEI 64-8";"DA VERIFICARE";"Pulizia carpenteria.";"";"2026-06-15";"Normal";"90"
"04";"Via Rugabella 4_6";"Via Rugabella 4";"ELETTRICI";"1 n.ro x Rifasatori";"Semestrale";"Norme CEI";"DA VERIFICARE";"Misura del Cos";"";"2026-06-15";"Normal";"100"
"04";"Via Rugabella 4_6";"Via Rugabella 4";"ELETTRICI";"22 n.ro x Locali Uso Medico (G1/G2)";"Annuale/Semestrale";"CEI 64-8/7-710";"DA VERIFICARE";"Prova differenziali.";"";"2026-06-15";"Normal";"110"
"04";"Via Rugabella 4_6";"Via Rugabella 4";"ELETTRICI";"4088 m2 n.ro x Impianto Terra / Scariche";"Biennale";"DPR 462/01";"DA VERIFICARE";"Misura resistenza terra.";"";"2026-06-15";"Normal";"120"
"04";"Via Rugabella 4_6";"Via Rugabella 4";"MECCANICI";"1 n.ro x Centrali idriche (Vasche)";"Mensile";"D.Lgs 31/01";"DA VERIFICARE";"Controllo vasche";"";"2026-06-15";"Normal";"130"
"04";"Via Rugabella 4_6";"Via Rugabella 4";"MECCANICI";"2 n.ro x Addolcitori";"Settimanale/Mensile";"DM 25/12";"DA VERIFICARE";"Verifica durezza.";"";"2026-06-15";"Normal";"140"
"04";"Via Rugabella 4_6";"Via Rugabella 4";"MECCANICI";"4088 m2 n.ro x Distribuzione idrico sanitaria";"Annuale";"D.Lgs 31/01";"DA VERIFICARE";"Verifiche perdite";"";"2026-06-15";"Normal";"150"
"04";"Via Rugabella 4_6";"Via Rugabella 4";"MECCANICI";"1 n.ro x Produttori Biossido Cloro";"Settimanale";"Linee Guida";"DA VERIFICARE";"Dosaggio continuo.";"";"2026-06-15";"Normal";"160"
"04";"Via Rugabella 4_6";"Via Rugabella 4";"MECCANICI";"3 n.ro x Prove della legionella della rete idrico-sanitaria";"Annuale";"Linee Guida";"DA VERIFICARE";"Prelievi";"";"2026-06-15";"Normal";"170"
"04";"Via Rugabella 4_6";"Via Rugabella 4";"ANTINCENDIO";"4068 m2 n.ro x Rilevazione Fumi";"Semestrale";"UNI 11224";"DA VERIFICARE";"Test dei rilevatori.";"";"2026-06-15";"Normal";"190"
"04";"Via Rugabella 4_6";"Via Rugabella 4";"ANTINCENDIO";"1470 m2 n.ro x Illum. Emergenza";"Semestrale";"UNI EN 1838";"DA VERIFICARE";"Test di autonomia.";"";"2026-06-15";"Normal";"200"
"04";"Via Rugabella 4_6";"Via Rugabella 4";"ANTINCENDIO";"43 n.ro x Porte Tagliafuoco / REI";"Semestrale";"DM 10/03/98";"DA VERIFICARE";"Verifica integritÃ  guarnizioni.";"";"2026-06-15";"Normal";"210"
"04";"Via Rugabella 4_6";"Via Rugabella 4";"ANTINCENDIO";"58 n.ro x Estintori";"Semestrale";"UNI 9994-1, DPR 151/11";"DA VERIFICARE";"Verificare pressione, carica e integritÃ .";"";"2026-06-15";"Normal";"220"
"04";"Via Rugabella 4_6";"Via Rugabella 4";"ANTINCENDIO";"1 n.ro x Centrale Pressurizzazione";"Settimanale / Mensile";"UNI EN 12845";"DA VERIFICARE";"Avviamento pompe";"";"2026-06-15";"Normal";"230"
"04";"Via Rugabella 4_6";"Via Rugabella 4";"ANTINCENDIO";"26 n.ro x Idranti / Naspi";"Semestrale";"UNI 10779";"DA VERIFICARE";"Prova di portata e pressione.";"";"2026-06-15";"Normal";"240"
"04";"Via Rugabella 4_6";"Via Rugabella 4";"ELEVATORI";"2 n.ro x Elevatori (6-10 piani)";"Mensile / Semestrale";"DPR 162/99";"DA VERIFICARE";"Lubrificazione organi.";"";"2026-06-15";"Normal";"260"
"04";"Via Rugabella 4_6";"Via Rugabella 4";"MECCANICI";"2 n.ro x Pompe Sollevamento";"Mensile";"D.Lgs 81/08";"DA VERIFICARE";"Verifica galleggianti.";"";"2026-06-15";"Normal";"280"
"04";"Via Rugabella 4_6";"Via Rugabella 4";"EDILE";"1 n.ro x Cancelli e sbarre motorizzati";"Semestrale";"D.Lgs 81/08";"DA VERIFICARE";"Sicurezze";"";"2026-06-15";"Normal";"290"
"05";"Via Sassi 4";"Via Sassi 4";"MECCANICI";"1 n.ro x Caldaie (36-350 kW)";"Mensile/Trimestrale";"DPR 74/13";"DA VERIFICARE";"Analisi combustione.";"";"2026-06-15";"Normal";"10"
"05";"Via Sassi 4";"Via Sassi 4";"MECCANICI";"4650 m2 n.ro x Distribuzione impianti idronici e sottocentrali";"Annuale";"Norme Tecniche";"DA VERIFICARE";"Manutenzione";"";"2026-06-15";"Normal";"40"
"05";"Via Sassi 4";"Via Sassi 4";"MECCANICI";"523 m2 n.ro x Distribuzione impianti idronici e sottocentrali";"Annuale";"Norme Tecniche";"DA VERIFICARE";"Manutenzione";"";"2026-06-15";"Normal";"40"
"05";"Via Sassi 4";"Via Sassi 4";"MECCANICI";"1 n.ro x Condizionatori tipo split/VRV/carrellabili";"Annuale";"Linee Guida";"DA VERIFICARE";"Sanificazione";"";"2026-06-15";"Normal";"60"
"05";"Via Sassi 4";"Via Sassi 4";"MECCANICI";"6 n.ro x Condizionatori tipo split/VRV/carrellabili";"Annuale";"Linee Guida";"DA VERIFICARE";"Sanificazione";"";"2026-06-15";"Normal";"60"
"05";"Via Sassi 4";"Via Sassi 4";"ELETTRICI";"4650 m2 n.ro x Quadri e Distribuzione";"Annuale";"CEI 64-8";"DA VERIFICARE";"Pulizia carpenteria.";"";"2026-06-15";"Normal";"90"
"05";"Via Sassi 4";"Via Sassi 4";"ELETTRICI";"523 m2 n.ro x Quadri e Distribuzione";"Annuale";"CEI 64-8";"DA VERIFICARE";"Pulizia carpenteria.";"";"2026-06-15";"Normal";"90"
"05";"Via Sassi 4";"Via Sassi 4";"ELETTRICI";"34 n.ro x Locali Uso Medico (G1/G2)";"Annuale/Semestrale";"CEI 64-8/7-710";"DA VERIFICARE";"Prova differenziali.";"";"2026-06-15";"Normal";"110"
"05";"Via Sassi 4";"Via Sassi 4";"ELETTRICI";"8 n.ro x Locali Uso Medico (G1/G2)";"Annuale/Semestrale";"CEI 64-8/7-710";"DA VERIFICARE";"Prova differenziali.";"";"2026-06-15";"Normal";"110"
"05";"Via Sassi 4";"Via Sassi 4";"ELETTRICI";"4650 m2 n.ro x Impianto Terra / Scariche";"Biennale";"DPR 462/01";"DA VERIFICARE";"Misura resistenza terra.";"";"2026-06-15";"Normal";"120"
"05";"Via Sassi 4";"Via Sassi 4";"ELETTRICI";"523 m2 n.ro x Impianto Terra / Scariche";"Biennale";"DPR 462/01";"DA VERIFICARE";"Misura resistenza terra.";"";"2026-06-15";"Normal";"120"
"05";"Via Sassi 4";"Via Sassi 4";"MECCANICI";"4650 m2 n.ro x Distribuzione idrico sanitaria";"Annuale";"D.Lgs 31/01";"DA VERIFICARE";"Verifiche perdite";"";"2026-06-15";"Normal";"150"
"05";"Via Sassi 4";"Via Sassi 4";"MECCANICI";"523 m2 n.ro x Distribuzione idrico sanitaria";"Annuale";"D.Lgs 31/01";"DA VERIFICARE";"Verifiche perdite";"";"2026-06-15";"Normal";"150"
"05";"Via Sassi 4";"Via Sassi 4";"MECCANICI";"1 n.ro x Produttori Biossido Cloro";"Settimanale";"Linee Guida";"DA VERIFICARE";"Dosaggio continuo.";"";"2026-06-15";"Normal";"160"
"05";"Via Sassi 4";"Via Sassi 4";"MECCANICI";"10 n.ro x Prove della legionella della rete idrico-sanitaria";"Annuale";"Linee Guida";"DA VERIFICARE";"Prelievi";"";"2026-06-15";"Normal";"170"
"05";"Via Sassi 4";"Via Sassi 4";"MECCANICI";"3 n.ro x Prove della legionella della rete idrico-sanitaria";"Annuale";"Linee Guida";"DA VERIFICARE";"Prelievi";"";"2026-06-15";"Normal";"170"
"05";"Via Sassi 4";"Via Sassi 4";"ANTINCENDIO";"4650 m2 n.ro x Rilevazione Fumi";"Semestrale";"UNI 11224";"DA VERIFICARE";"Test dei rilevatori.";"";"2026-06-15";"Normal";"190"
"05";"Via Sassi 4";"Via Sassi 4";"ANTINCENDIO";"520 m2 n.ro x Rilevazione Fumi";"Semestrale";"UNI 11224";"DA VERIFICARE";"Test dei rilevatori.";"";"2026-06-15";"Normal";"190"
"05";"Via Sassi 4";"Via Sassi 4";"ANTINCENDIO";"158 m2 n.ro x Illum. Emergenza";"Semestrale";"UNI EN 1838";"DA VERIFICARE";"Test di autonomia.";"";"2026-06-15";"Normal";"200"
"05";"Via Sassi 4";"Via Sassi 4";"ANTINCENDIO";"4650 m2 n.ro x Illum. Emergenza";"Semestrale";"UNI EN 1838";"DA VERIFICARE";"Test di autonomia.";"";"2026-06-15";"Normal";"200"
"05";"Via Sassi 4";"Via Sassi 4";"ANTINCENDIO";"2 n.ro x Porte Tagliafuoco / REI";"Semestrale";"DM 10/03/98";"DA VERIFICARE";"Verifica integritÃ  guarnizioni.";"";"2026-06-15";"Normal";"210"
"05";"Via Sassi 4";"Via Sassi 4";"ANTINCENDIO";"40 n.ro x Estintori";"Semestrale";"UNI 9994-1, DPR 151/11";"DA VERIFICARE";"Verificare pressione, carica e integritÃ .";"";"2026-06-15";"Normal";"220"
"05";"Via Sassi 4";"Via Sassi 4";"ANTINCENDIO";"7 n.ro x Estintori";"Semestrale";"UNI 9994-1, DPR 151/11";"DA VERIFICARE";"Verificare pressione, carica e integritÃ .";"";"2026-06-15";"Normal";"220"
"05";"Via Sassi 4";"Via Sassi 4";"ELEVATORI";"2 n.ro x Elevatori (1-5 piani)";"Mensile / Semestrale";"DPR 162/99";"DA VERIFICARE";"Verifica sicurezze.";"";"2026-06-15";"Normal";"250"
"05";"Via Sassi 4";"Via Sassi 4";"ELEVATORI";"3 n.ro x Elevatori (1-5 piani)";"Mensile / Semestrale";"DPR 162/99";"DA VERIFICARE";"Verifica sicurezze.";"";"2026-06-15";"Normal";"250"
"05";"Via Sassi 4";"Via Sassi 4";"MECCANICI";"1 n.ro x Pompe Sollevamento";"Mensile";"D.Lgs 81/08";"DA VERIFICARE";"Verifica galleggianti.";"";"2026-06-15";"Normal";"280"
"05";"Via Sassi 4";"Via Sassi 4";"MECCANICI";"2 n.ro x Pompe Sollevamento";"Mensile";"D.Lgs 81/08";"DA VERIFICARE";"Verifica galleggianti.";"";"2026-06-15";"Normal";"280"
"05";"Via Sassi 4";"Via Sassi 4";"EDILE";"1 n.ro x Cancelli e sbarre motorizzati";"Semestrale";"D.Lgs 81/08";"DA VERIFICARE";"Sicurezze";"";"2026-06-15";"Normal";"290"
"05";"Via Sassi 4";"Via Sassi 4";"EDILE";"1 n.ro x Porte automatiche e portoni sezionali";"Semestrale";"D.Lgs 81/08";"DA VERIFICARE";"Sicurezze";"";"2026-06-15";"Normal";"300"
"06";"Principessa Jolanda";"Piazza Principessa Jolanda";"MECCANICI";"4650 m2 n.ro x Distribuzione impianti idronici e sottocentrali";"Annuale";"Norme Tecniche";"DA VERIFICARE";"Manutenzione";"";"2026-06-15";"Normal";"40"
"06";"Principessa Jolanda";"Piazza Principessa Jolanda";"MECCANICI";"1 n.ro x Condizionatori tipo split/VRV/carrellabili";"Annuale";"Linee Guida";"DA VERIFICARE";"Sanificazione";"";"2026-06-15";"Normal";"60"
"06";"Principessa Jolanda";"Piazza Principessa Jolanda";"ELETTRICI";"4650 m2 n.ro x Quadri e Distribuzione";"Annuale";"CEI 64-8";"DA VERIFICARE";"Pulizia carpenteria.";"";"2026-06-15";"Normal";"90"
"06";"Principessa Jolanda";"Piazza Principessa Jolanda";"ELETTRICI";"34 n.ro x Locali Uso Medico (G1/G2)";"Annuale/Semestrale";"CEI 64-8/7-710";"DA VERIFICARE";"Prova differenziali.";"";"2026-06-15";"Normal";"110"
"06";"Principessa Jolanda";"Piazza Principessa Jolanda";"ELETTRICI";"4650 m2 n.ro x Impianto Terra / Scariche";"Biennale";"DPR 462/01";"DA VERIFICARE";"Misura resistenza terra.";"";"2026-06-15";"Normal";"120"
"06";"Principessa Jolanda";"Piazza Principessa Jolanda";"MECCANICI";"4650 m2 n.ro x Distribuzione idrico sanitaria";"Annuale";"D.Lgs 31/01";"DA VERIFICARE";"Verifiche perdite";"";"2026-06-15";"Normal";"150"
"06";"Principessa Jolanda";"Piazza Principessa Jolanda";"MECCANICI";"10 n.ro x Prove della legionella della rete idrico-sanitaria";"Annuale";"Linee Guida";"DA VERIFICARE";"Prelievi";"";"2026-06-15";"Normal";"170"
"06";"Principessa Jolanda";"Piazza Principessa Jolanda";"ANTINCENDIO";"4650 m2 n.ro x Rilevazione Fumi";"Semestrale";"UNI 11224";"DA VERIFICARE";"Test dei rilevatori.";"";"2026-06-15";"Normal";"190"
"06";"Principessa Jolanda";"Piazza Principessa Jolanda";"ANTINCENDIO";"4650 m2 n.ro x Illum. Emergenza";"Semestrale";"UNI EN 1838";"DA VERIFICARE";"Test di autonomia.";"";"2026-06-15";"Normal";"200"
"06";"Principessa Jolanda";"Piazza Principessa Jolanda";"ANTINCENDIO";"40 n.ro x Estintori";"Semestrale";"UNI 9994-1, DPR 151/11";"DA VERIFICARE";"Verificare pressione, carica e integritÃ .";"";"2026-06-15";"Normal";"220"
"06";"Principessa Jolanda";"Piazza Principessa Jolanda";"ELEVATORI";"3 n.ro x Elevatori (1-5 piani)";"Mensile / Semestrale";"DPR 162/99";"DA VERIFICARE";"Verifica sicurezze.";"";"2026-06-15";"Normal";"250"
"06";"Principessa Jolanda";"Piazza Principessa Jolanda";"MECCANICI";"2 n.ro x Pompe Sollevamento";"Mensile";"D.Lgs 81/08";"DA VERIFICARE";"Verifica galleggianti.";"";"2026-06-15";"Normal";"280"
"06";"Principessa Jolanda";"Piazza Principessa Jolanda";"EDILE";"1 n.ro x Cancelli e sbarre motorizzati";"Semestrale";"D.Lgs 81/08";"DA VERIFICARE";"Sicurezze";"";"2026-06-15";"Normal";"290"
"06";"Principessa Jolanda";"Piazza Principessa Jolanda";"EDILE";"1 n.ro x Porte automatiche e portoni sezionali";"Semestrale";"D.Lgs 81/08";"DA VERIFICARE";"Sicurezze";"";"2026-06-15";"Normal";"300"
"07";"Viale Jenner 44";"Viale Jenner 44";"MECCANICI";"1 n.ro x Caldaie (36-350 kW)";"Mensile/Trimestrale";"DPR 74/13";"DA VERIFICARE";"Analisi combustione.";"";"2026-06-15";"Normal";"10"
"07";"Viale Jenner 44";"Viale Jenner 44";"MECCANICI";"295 m2 n.ro x Distribuzione impianti idronici e sottocentrali";"Annuale";"Norme Tecniche";"DA VERIFICARE";"Manutenzione";"";"2026-06-15";"Normal";"40"
"07";"Viale Jenner 44";"Viale Jenner 44";"MECCANICI";"1 n.ro x Condizionatori tipo split/VRV/carrellabili";"Annuale";"Linee Guida";"DA VERIFICARE";"Sanificazione";"";"2026-06-15";"Normal";"60"
"07";"Viale Jenner 44";"Viale Jenner 44";"ELETTRICI";"295 m2 n.ro x Quadri e Distribuzione";"Annuale";"CEI 64-8";"DA VERIFICARE";"Pulizia carpenteria.";"";"2026-06-15";"Normal";"90"
"07";"Viale Jenner 44";"Viale Jenner 44";"ELETTRICI";"295 m2 n.ro x Impianto Terra / Scariche";"Biennale";"DPR 462/01";"DA VERIFICARE";"Misura resistenza terra.";"";"2026-06-15";"Normal";"120"
"07";"Viale Jenner 44";"Viale Jenner 44";"MECCANICI";"1 n.ro x Addolcitori";"Settimanale/Mensile";"DM 25/12";"DA VERIFICARE";"Verifica durezza.";"";"2026-06-15";"Normal";"140"
"07";"Viale Jenner 44";"Viale Jenner 44";"MECCANICI";"295 m2 n.ro x Distribuzione idrico sanitaria";"Annuale";"D.Lgs 31/01";"DA VERIFICARE";"Verifiche perdite";"";"2026-06-15";"Normal";"150"
"07";"Viale Jenner 44";"Viale Jenner 44";"MECCANICI";"3 n.ro x Prove della legionella della rete idrico-sanitaria";"Annuale";"Linee Guida";"DA VERIFICARE";"Prelievi";"";"2026-06-15";"Normal";"170"
"07";"Viale Jenner 44";"Viale Jenner 44";"ANTINCENDIO";"295 m2 n.ro x Rilevazione Fumi";"Semestrale";"UNI 11224";"DA VERIFICARE";"Test dei rilevatori.";"";"2026-06-15";"Normal";"190"
"07";"Viale Jenner 44";"Viale Jenner 44";"ANTINCENDIO";"295 m2 n.ro x Illum. Emergenza";"Semestrale";"UNI EN 1838";"DA VERIFICARE";"Test di autonomia.";"";"2026-06-15";"Normal";"200"
"07";"Viale Jenner 44";"Viale Jenner 44";"ANTINCENDIO";"4 n.ro x Porte Tagliafuoco / REI";"Semestrale";"DM 10/03/98";"DA VERIFICARE";"Verifica integritÃ  guarnizioni.";"";"2026-06-15";"Normal";"210"
"07";"Viale Jenner 44";"Viale Jenner 44";"ANTINCENDIO";"3 n.ro x Estintori";"Semestrale";"UNI 9994-1, DPR 151/11";"DA VERIFICARE";"Verificare pressione, carica e integritÃ .";"";"2026-06-15";"Normal";"220"
"07";"Viale Jenner 44";"Viale Jenner 44";"ELEVATORI";"1 n.ro x Elevatori (1-5 piani)";"Mensile / Semestrale";"DPR 162/99";"DA VERIFICARE";"Verifica sicurezze.";"";"2026-06-15";"Normal";"250"
"07";"Viale Jenner 44";"Viale Jenner 44";"EDILE";"1 n.ro x Cancelli e sbarre motorizzati";"Semestrale";"D.Lgs 81/08";"DA VERIFICARE";"Sicurezze";"";"2026-06-15";"Normal";"290"
"08";"Via Livigno 3";"Via Livigno 3";"MECCANICI";"3 n.ro x Caldaie (36-350 kW)";"Mensile/Trimestrale";"DPR 74/13";"DA VERIFICARE";"Analisi combustione.";"";"2026-06-15";"Normal";"10"
"08";"Via Livigno 3";"Via Livigno 3";"MECCANICI";"446 m2 n.ro x Distribuzione impianti idronici e sottocentrali";"Annuale";"Norme Tecniche";"DA VERIFICARE";"Manutenzione";"";"2026-06-15";"Normal";"40"
"08";"Via Livigno 3";"Via Livigno 3";"MECCANICI";"1 n.ro x Condizionatori tipo split/VRV/carrellabili";"Annuale";"Linee Guida";"DA VERIFICARE";"Sanificazione";"";"2026-06-15";"Normal";"60"
"08";"Via Livigno 3";"Via Livigno 3";"ELETTRICI";"446 m2 n.ro x Quadri e Distribuzione";"Annuale";"CEI 64-8";"DA VERIFICARE";"Pulizia carpenteria.";"";"2026-06-15";"Normal";"90"
"08";"Via Livigno 3";"Via Livigno 3";"ELETTRICI";"446 m2 n.ro x Impianto Terra / Scariche";"Biennale";"DPR 462/01";"DA VERIFICARE";"Misura resistenza terra.";"";"2026-06-15";"Normal";"120"
"08";"Via Livigno 3";"Via Livigno 3";"MECCANICI";"446 m2 n.ro x Distribuzione idrico sanitaria";"Annuale";"D.Lgs 31/01";"DA VERIFICARE";"Verifiche perdite";"";"2026-06-15";"Normal";"150"
"08";"Via Livigno 3";"Via Livigno 3";"MECCANICI";"3 n.ro x Prove della legionella della rete idrico-sanitaria";"Annuale";"Linee Guida";"DA VERIFICARE";"Prelievi";"";"2026-06-15";"Normal";"170"
"08";"Via Livigno 3";"Via Livigno 3";"ANTINCENDIO";"446 m2 n.ro x Rilevazione Fumi";"Semestrale";"UNI 11224";"DA VERIFICARE";"Test dei rilevatori.";"";"2026-06-15";"Normal";"190"
"08";"Via Livigno 3";"Via Livigno 3";"ANTINCENDIO";"446 m2 n.ro x Illum. Emergenza";"Semestrale";"UNI EN 1838";"DA VERIFICARE";"Test di autonomia.";"";"2026-06-15";"Normal";"200"
"08";"Via Livigno 3";"Via Livigno 3";"ANTINCENDIO";"11 n.ro x Estintori";"Semestrale";"UNI 9994-1, DPR 151/11";"DA VERIFICARE";"Verificare pressione, carica e integritÃ .";"";"2026-06-15";"Normal";"220"
"08";"Via Livigno 3";"Via Livigno 3";"ELEVATORI";"1 n.ro x Elevatori (1-5 piani)";"Mensile / Semestrale";"DPR 162/99";"DA VERIFICARE";"Verifica sicurezze.";"";"2026-06-15";"Normal";"250"
"08";"Via Livigno 3";"Via Livigno 3";"MECCANICI";"1 n.ro x Pompe Sollevamento";"Mensile";"D.Lgs 81/08";"DA VERIFICARE";"Verifica galleggianti.";"";"2026-06-15";"Normal";"280"
"09";"Via Calvairate 1";"Via Calvairate 1";"MECCANICI";"106 m2 n.ro x Distribuzione impianti idronici e sottocentrali";"Annuale";"Norme Tecniche";"DA VERIFICARE";"Manutenzione";"";"2026-06-15";"Normal";"40"
"09";"Via Calvairate 1";"Via Calvairate 1";"MECCANICI";"4 n.ro x UTA (Trattamento Aria)";"Trimestrale";"Linee Guida";"DA VERIFICARE";"Sostituzione filtri.";"";"2026-06-15";"Normal";"70"
"09";"Via Calvairate 1";"Via Calvairate 1";"ELETTRICI";"106 m2 n.ro x Quadri e Distribuzione";"Annuale";"CEI 64-8";"DA VERIFICARE";"Pulizia carpenteria.";"";"2026-06-15";"Normal";"90"
"09";"Via Calvairate 1";"Via Calvairate 1";"ELETTRICI";"2 n.ro x Locali Uso Medico (G1/G2)";"Annuale/Semestrale";"CEI 64-8/7-710";"DA VERIFICARE";"Prova differenziali.";"";"2026-06-15";"Normal";"110"
"09";"Via Calvairate 1";"Via Calvairate 1";"ELETTRICI";"106 m2 n.ro x Impianto Terra / Scariche";"Biennale";"DPR 462/01";"DA VERIFICARE";"Misura resistenza terra.";"";"2026-06-15";"Normal";"120"
"09";"Via Calvairate 1";"Via Calvairate 1";"MECCANICI";"106 m2 n.ro x Distribuzione idrico sanitaria";"Annuale";"D.Lgs 31/01";"DA VERIFICARE";"Verifiche perdite";"";"2026-06-15";"Normal";"150"
"09";"Via Calvairate 1";"Via Calvairate 1";"MECCANICI";"3 n.ro x Prove della legionella della rete idrico-sanitaria";"Annuale";"Linee Guida";"DA VERIFICARE";"Prelievi";"";"2026-06-15";"Normal";"170"
"09";"Via Calvairate 1";"Via Calvairate 1";"ANTINCENDIO";"106 m2 n.ro x Rilevazione Fumi";"Semestrale";"UNI 11224";"DA VERIFICARE";"Test dei rilevatori.";"";"2026-06-15";"Normal";"190"
"09";"Via Calvairate 1";"Via Calvairate 1";"ANTINCENDIO";"106 m2 n.ro x Illum. Emergenza";"Semestrale";"UNI EN 1838";"DA VERIFICARE";"Test di autonomia.";"";"2026-06-15";"Normal";"200"
"09";"Via Calvairate 1";"Via Calvairate 1";"ANTINCENDIO";"7 n.ro x Porte Tagliafuoco / REI";"Semestrale";"DM 10/03/98";"DA VERIFICARE";"Verifica integritÃ  guarnizioni.";"";"2026-06-15";"Normal";"210"
"09";"Via Calvairate 1";"Via Calvairate 1";"ANTINCENDIO";"2 n.ro x Estintori";"Semestrale";"UNI 9994-1, DPR 151/11";"DA VERIFICARE";"Verificare pressione, carica e integritÃ .";"";"2026-06-15";"Normal";"220"
"10";"Via Polesine 6";"Via Polesine 6";"MECCANICI";"82 m2 n.ro x Distribuzione impianti idronici e sottocentrali";"Annuale";"Norme Tecniche";"DA VERIFICARE";"Manutenzione";"";"2026-06-15";"Normal";"40"
"10";"Via Polesine 6";"Via Polesine 6";"MECCANICI";"2 n.ro x UTA (Trattamento Aria)";"Trimestrale";"Linee Guida";"DA VERIFICARE";"Sostituzione filtri.";"";"2026-06-15";"Normal";"70"
"10";"Via Polesine 6";"Via Polesine 6";"ELETTRICI";"82 m2 n.ro x Quadri e Distribuzione";"Annuale";"CEI 64-8";"DA VERIFICARE";"Pulizia carpenteria.";"";"2026-06-15";"Normal";"90"
"10";"Via Polesine 6";"Via Polesine 6";"ELETTRICI";"1 n.ro x Locali Uso Medico (G1/G2)";"Annuale/Semestrale";"CEI 64-8/7-710";"DA VERIFICARE";"Prova differenziali.";"";"2026-06-15";"Normal";"110"
"10";"Via Polesine 6";"Via Polesine 6";"ELETTRICI";"82 m2 n.ro x Impianto Terra / Scariche";"Biennale";"DPR 462/01";"DA VERIFICARE";"Misura resistenza terra.";"";"2026-06-15";"Normal";"120"
"10";"Via Polesine 6";"Via Polesine 6";"MECCANICI";"82 m2 n.ro x Distribuzione idrico sanitaria";"Annuale";"D.Lgs 31/01";"DA VERIFICARE";"Verifiche perdite";"";"2026-06-15";"Normal";"150"
"10";"Via Polesine 6";"Via Polesine 6";"MECCANICI";"3 n.ro x Prove della legionella della rete idrico-sanitaria";"Annuale";"Linee Guida";"DA VERIFICARE";"Prelievi";"";"2026-06-15";"Normal";"170"
"10";"Via Polesine 6";"Via Polesine 6";"ANTINCENDIO";"82 m2 n.ro x Rilevazione Fumi";"Semestrale";"UNI 11224";"DA VERIFICARE";"Test dei rilevatori.";"";"2026-06-15";"Normal";"190"
"10";"Via Polesine 6";"Via Polesine 6";"ANTINCENDIO";"82 m2 n.ro x Illum. Emergenza";"Semestrale";"UNI EN 1838";"DA VERIFICARE";"Test di autonomia.";"";"2026-06-15";"Normal";"200"
"10";"Via Polesine 6";"Via Polesine 6";"ANTINCENDIO";"3 n.ro x Porte Tagliafuoco / REI";"Semestrale";"DM 10/03/98";"DA VERIFICARE";"Verifica integritÃ  guarnizioni.";"";"2026-06-15";"Normal";"210"
"10";"Via Polesine 6";"Via Polesine 6";"ANTINCENDIO";"1 n.ro x Estintori";"Semestrale";"UNI 9994-1, DPR 151/11";"DA VERIFICARE";"Verificare pressione, carica e integritÃ .";"";"2026-06-15";"Normal";"220"
"11a";"Via Adriano 107";"Via Adriano 107";"ELETTRICI";"575 m2 n.ro x Quadri e Distribuzione";"Annuale";"CEI 64-8";"DA VERIFICARE";"Pulizia carpenteria.";"";"2026-06-15";"Normal";"90"
"11a";"Via Adriano 107";"Via Adriano 107";"ANTINCENDIO";"575 m2 n.ro x Rilevazione Fumi";"Semestrale";"UNI 11224";"DA VERIFICARE";"Test dei rilevatori.";"";"2026-06-15";"Normal";"190"
"11a";"Via Adriano 107";"Via Adriano 107";"ANTINCENDIO";"575 m2 n.ro x Illum. Emergenza";"Semestrale";"UNI EN 1838";"DA VERIFICARE";"Test di autonomia.";"";"2026-06-15";"Normal";"200"
"11a";"Via Adriano 107";"Via Adriano 107";"ANTINCENDIO";"6 n.ro x Estintori";"Semestrale";"UNI 9994-1, DPR 151/11";"DA VERIFICARE";"Verificare pressione, carica e integritÃ .";"";"2026-06-15";"Normal";"220"
"11b";"Via Adriano 99";"Via Adriano 99";"ELETTRICI";"575 m2 n.ro x Quadri e Distribuzione";"Annuale";"CEI 64-8";"DA VERIFICARE";"Pulizia carpenteria.";"";"2026-06-15";"Normal";"90"
"11b";"Via Adriano 99";"Via Adriano 99";"ANTINCENDIO";"575 m2 n.ro x Rilevazione Fumi";"Semestrale";"UNI 11224";"DA VERIFICARE";"Test dei rilevatori.";"";"2026-06-15";"Normal";"190"
"11b";"Via Adriano 99";"Via Adriano 99";"ANTINCENDIO";"575 m2 n.ro x Illum. Emergenza";"Semestrale";"UNI EN 1838";"DA VERIFICARE";"Test di autonomia.";"";"2026-06-15";"Normal";"200"
"11b";"Via Adriano 99";"Via Adriano 99";"ANTINCENDIO";"6 n.ro x Estintori";"Semestrale";"UNI 9994-1, DPR 151/11";"DA VERIFICARE";"Verificare pressione, carica e integritÃ .";"";"2026-06-15";"Normal";"220"
"12";"POT Bollate";"Via (Bollate)";"MECCANICI";"1831 m2 n.ro x Distribuzione impianti idronici e sottocentrali";"Annuale";"Norme Tecniche";"DA VERIFICARE";"Manutenzione";"";"2026-06-15";"Normal";"40"
"12";"POT Bollate";"Via (Bollate)";"MECCANICI";"26 n.ro x UTA (Trattamento Aria)";"Trimestrale";"Linee Guida";"DA VERIFICARE";"Sostituzione filtri.";"";"2026-06-15";"Normal";"70"
"12";"POT Bollate";"Via (Bollate)";"ELETTRICI";"1831 m2 n.ro x Quadri e Distribuzione";"Annuale";"CEI 64-8";"DA VERIFICARE";"Pulizia carpenteria.";"";"2026-06-15";"Normal";"90"
"12";"POT Bollate";"Via (Bollate)";"ELETTRICI";"5 n.ro x Locali Uso Medico (G1/G2)";"Annuale/Semestrale";"CEI 64-8/7-710";"DA VERIFICARE";"Prova differenziali.";"";"2026-06-15";"Normal";"110"
"12";"POT Bollate";"Via (Bollate)";"ELETTRICI";"1831 m2 n.ro x Impianto Terra / Scariche";"Biennale";"DPR 462/01";"DA VERIFICARE";"Misura resistenza terra.";"";"2026-06-15";"Normal";"120"
"12";"POT Bollate";"Via (Bollate)";"MECCANICI";"1831 m2 n.ro x Distribuzione idrico sanitaria";"Annuale";"D.Lgs 31/01";"DA VERIFICARE";"Verifiche perdite";"";"2026-06-15";"Normal";"150"
"12";"POT Bollate";"Via (Bollate)";"MECCANICI";"2 n.ro x Prove della legionella della rete idrico-sanitaria";"Annuale";"Linee Guida";"DA VERIFICARE";"Prelievi";"";"2026-06-15";"Normal";"170"
"12";"POT Bollate";"Via (Bollate)";"ANTINCENDIO";"1831 m2 n.ro x Rilevazione Fumi";"Semestrale";"UNI 11224";"DA VERIFICARE";"Test dei rilevatori.";"";"2026-06-15";"Normal";"190"
"12";"POT Bollate";"Via (Bollate)";"ANTINCENDIO";"1831 m2 n.ro x Illum. Emergenza";"Semestrale";"UNI EN 1838";"DA VERIFICARE";"Test di autonomia.";"";"2026-06-15";"Normal";"200"
"12";"POT Bollate";"Via (Bollate)";"ANTINCENDIO";"6 n.ro x Porte Tagliafuoco / REI";"Semestrale";"DM 10/03/98";"DA VERIFICARE";"Verifica integritÃ  guarnizioni.";"";"2026-06-15";"Normal";"210"
"12";"POT Bollate";"Via (Bollate)";"ANTINCENDIO";"6 n.ro x Estintori";"Semestrale";"UNI 9994-1, DPR 151/11";"DA VERIFICARE";"Verificare pressione, carica e integritÃ .";"";"2026-06-15";"Normal";"220"
"12";"POT Bollate";"Via (Bollate)";"ANTINCENDIO";"1 n.ro x Centrale Pressurizzazione";"Settimanale / Mensile";"UNI EN 12845";"DA VERIFICARE";"Avviamento pompe";"";"2026-06-15";"Normal";"230"
"12";"POT Bollate";"Via (Bollate)";"ANTINCENDIO";"1 n.ro x Idranti / Naspi";"Semestrale";"UNI 10779";"DA VERIFICARE";"Prova di portata e pressione.";"";"2026-06-15";"Normal";"240"
"14";"Viale Piceno 60";"Viale Piceno 60";"MECCANICI";"1095 m2 n.ro x Distribuzione impianti idronici e sottocentrali";"Annuale";"Norme Tecniche";"DA VERIFICARE";"Manutenzione";"";"2026-06-15";"Normal";"40"
"14";"Viale Piceno 60";"Viale Piceno 60";"ELETTRICI";"1095 m2 n.ro x Quadri e Distribuzione";"Annuale";"CEI 64-8";"DA VERIFICARE";"Pulizia carpenteria.";"";"2026-06-15";"Normal";"90"
"14";"Viale Piceno 60";"Viale Piceno 60";"ELETTRICI";"1095 m2 n.ro x Impianto Terra / Scariche";"Biennale";"DPR 462/01";"DA VERIFICARE";"Misura resistenza terra.";"";"2026-06-15";"Normal";"120"
"14";"Viale Piceno 60";"Viale Piceno 60";"MECCANICI";"1095 m2 n.ro x Distribuzione idrico sanitaria";"Annuale";"D.Lgs 31/01";"DA VERIFICARE";"Verifiche perdite";"";"2026-06-15";"Normal";"150"
"14";"Viale Piceno 60";"Viale Piceno 60";"MECCANICI";"2 n.ro x Prove della legionella della rete idrico-sanitaria";"Annuale";"Linee Guida";"DA VERIFICARE";"Prelievi";"";"2026-06-15";"Normal";"170"
"14";"Viale Piceno 60";"Viale Piceno 60";"ANTINCENDIO";"1095 m2 n.ro x Rilevazione Fumi";"Semestrale";"UNI 11224";"DA VERIFICARE";"Test dei rilevatori.";"";"2026-06-15";"Normal";"190"
"14";"Viale Piceno 60";"Viale Piceno 60";"ANTINCENDIO";"1095 m2 n.ro x Illum. Emergenza";"Semestrale";"UNI EN 1838";"DA VERIFICARE";"Test di autonomia.";"";"2026-06-15";"Normal";"200"
"14";"Viale Piceno 60";"Viale Piceno 60";"ANTINCENDIO";"40 n.ro x Estintori";"Semestrale";"UNI 9994-1, DPR 151/11";"DA VERIFICARE";"Verificare pressione, carica e integritÃ .";"";"2026-06-15";"Normal";"220"
"14";"Viale Piceno 60";"Viale Piceno 60";"ANTINCENDIO";"1 n.ro x Idranti / Naspi";"Semestrale";"UNI 10779";"DA VERIFICARE";"Prova di portata e pressione.";"";"2026-06-15";"Normal";"240"
"14";"Viale Piceno 60";"Viale Piceno 60";"ELEVATORI";"2 n.ro x Elevatori (1-5 piani)";"Mensile / Semestrale";"DPR 162/99";"DA VERIFICARE";"Verifica sicurezze.";"";"2026-06-15";"Normal";"250"
"14";"Viale Piceno 60";"Viale Piceno 60";"MECCANICI";"1 n.ro x Pompe Sollevamento";"Mensile";"D.Lgs 81/08";"DA VERIFICARE";"Verifica galleggianti.";"";"2026-06-15";"Normal";"280"
"15";"Via Clericetti 22";"Via Clericetti 22";"MECCANICI";"564 m2 n.ro x Distribuzione impianti idronici e sottocentrali";"Annuale";"Norme Tecniche";"DA VERIFICARE";"Manutenzione";"";"2026-06-15";"Normal";"40"
"15";"Via Clericetti 22";"Via Clericetti 22";"ELETTRICI";"564 m2 n.ro x Quadri e Distribuzione";"Annuale";"CEI 64-8";"DA VERIFICARE";"Pulizia carpenteria.";"";"2026-06-15";"Normal";"90"
"15";"Via Clericetti 22";"Via Clericetti 22";"ELETTRICI";"564 m2 n.ro x Impianto Terra / Scariche";"Biennale";"DPR 462/01";"DA VERIFICARE";"Misura resistenza terra.";"";"2026-06-15";"Normal";"120"
"15";"Via Clericetti 22";"Via Clericetti 22";"MECCANICI";"564 m2 n.ro x Distribuzione idrico sanitaria";"Annuale";"D.Lgs 31/01";"DA VERIFICARE";"Verifiche perdite";"";"2026-06-15";"Normal";"150"
"15";"Via Clericetti 22";"Via Clericetti 22";"MECCANICI";"2 n.ro x Prove della legionella della rete idrico-sanitaria";"Annuale";"Linee Guida";"DA VERIFICARE";"Prelievi";"";"2026-06-15";"Normal";"170"
"15";"Via Clericetti 22";"Via Clericetti 22";"ANTINCENDIO";"564 m2 n.ro x Rilevazione Fumi";"Semestrale";"UNI 11224";"DA VERIFICARE";"Test dei rilevatori.";"";"2026-06-15";"Normal";"190"
"15";"Via Clericetti 22";"Via Clericetti 22";"ANTINCENDIO";"564 m2 n.ro x Illum. Emergenza";"Semestrale";"UNI EN 1838";"DA VERIFICARE";"Test di autonomia.";"";"2026-06-15";"Normal";"200"
"15";"Via Clericetti 22";"Via Clericetti 22";"ANTINCENDIO";"8 n.ro x Porte Tagliafuoco / REI";"Semestrale";"DM 10/03/98";"DA VERIFICARE";"Verifica integritÃ  guarnizioni.";"";"2026-06-15";"Normal";"210"
"15";"Via Clericetti 22";"Via Clericetti 22";"ANTINCENDIO";"7 n.ro x Estintori";"Semestrale";"UNI 9994-1, DPR 151/11";"DA VERIFICARE";"Verificare pressione, carica e integritÃ .";"";"2026-06-15";"Normal";"220"
"16";"Via Don Bosco 14";"Via Don Bosco 14";"MECCANICI";"1 n.ro x Caldaie (36-350 kW)";"Mensile/Trimestrale";"DPR 74/13";"DA VERIFICARE";"Analisi combustione.";"";"2026-06-15";"Normal";"10"
"16";"Via Don Bosco 14";"Via Don Bosco 14";"MECCANICI";"311 m2 n.ro x Distribuzione impianti idronici e sottocentrali";"Annuale";"Norme Tecniche";"DA VERIFICARE";"Manutenzione";"";"2026-06-15";"Normal";"40"
"16";"Via Don Bosco 14";"Via Don Bosco 14";"ELETTRICI";"311 m2 n.ro x Quadri e Distribuzione";"Annuale";"CEI 64-8";"DA VERIFICARE";"Pulizia carpenteria.";"";"2026-06-15";"Normal";"90"
"16";"Via Don Bosco 14";"Via Don Bosco 14";"ELETTRICI";"311 m2 n.ro x Impianto Terra / Scariche";"Biennale";"DPR 462/01";"DA VERIFICARE";"Misura resistenza terra.";"";"2026-06-15";"Normal";"120"
"16";"Via Don Bosco 14";"Via Don Bosco 14";"MECCANICI";"311 m2 n.ro x Distribuzione idrico sanitaria";"Annuale";"D.Lgs 31/01";"DA VERIFICARE";"Verifiche perdite";"";"2026-06-15";"Normal";"150"
"16";"Via Don Bosco 14";"Via Don Bosco 14";"MECCANICI";"2 n.ro x Prove della legionella della rete idrico-sanitaria";"Annuale";"Linee Guida";"DA VERIFICARE";"Prelievi";"";"2026-06-15";"Normal";"170"
"16";"Via Don Bosco 14";"Via Don Bosco 14";"ANTINCENDIO";"311 m2 n.ro x Rilevazione Fumi";"Semestrale";"UNI 11224";"DA VERIFICARE";"Test dei rilevatori.";"";"2026-06-15";"Normal";"190"
"16";"Via Don Bosco 14";"Via Don Bosco 14";"ANTINCENDIO";"311 m2 n.ro x Illum. Emergenza";"Semestrale";"UNI EN 1838";"DA VERIFICARE";"Test di autonomia.";"";"2026-06-15";"Normal";"200"
"16";"Via Don Bosco 14";"Via Don Bosco 14";"ANTINCENDIO";"3 n.ro x Porte Tagliafuoco / REI";"Semestrale";"DM 10/03/98";"DA VERIFICARE";"Verifica integritÃ  guarnizioni.";"";"2026-06-15";"Normal";"210"
"16";"Via Don Bosco 14";"Via Don Bosco 14";"ANTINCENDIO";"4 n.ro x Estintori";"Semestrale";"UNI 9994-1, DPR 151/11";"DA VERIFICARE";"Verificare pressione, carica e integritÃ .";"";"2026-06-15";"Normal";"220"
"17";"Via Fantoli 7";"Via Fantoli 7";"MECCANICI";"1154 m2 n.ro x Distribuzione impianti idronici e sottocentrali";"Annuale";"Norme Tecniche";"DA VERIFICARE";"Manutenzione";"";"2026-06-15";"Normal";"40"
"17";"Via Fantoli 7";"Via Fantoli 7";"ELETTRICI";"1154 m2 n.ro x Quadri e Distribuzione";"Annuale";"CEI 64-8";"DA VERIFICARE";"Pulizia carpenteria.";"";"2026-06-15";"Normal";"90"
"17";"Via Fantoli 7";"Via Fantoli 7";"ELETTRICI";"11 n.ro x Locali Uso Medico (G1/G2)";"Annuale/Semestrale";"CEI 64-8/7-710";"DA VERIFICARE";"Prova differenziali.";"";"2026-06-15";"Normal";"110"
"17";"Via Fantoli 7";"Via Fantoli 7";"ELETTRICI";"1154 m2 n.ro x Impianto Terra / Scariche";"Biennale";"DPR 462/01";"DA VERIFICARE";"Misura resistenza terra.";"";"2026-06-15";"Normal";"120"
"17";"Via Fantoli 7";"Via Fantoli 7";"MECCANICI";"1154 m2 n.ro x Distribuzione idrico sanitaria";"Annuale";"D.Lgs 31/01";"DA VERIFICARE";"Verifiche perdite";"";"2026-06-15";"Normal";"150"
"17";"Via Fantoli 7";"Via Fantoli 7";"MECCANICI";"2 n.ro x Prove della legionella della rete idrico-sanitaria";"Annuale";"Linee Guida";"DA VERIFICARE";"Prelievi";"";"2026-06-15";"Normal";"170"
"17";"Via Fantoli 7";"Via Fantoli 7";"ANTINCENDIO";"1154 m2 n.ro x Rilevazione Fumi";"Semestrale";"UNI 11224";"DA VERIFICARE";"Test dei rilevatori.";"";"2026-06-15";"Normal";"190"
"17";"Via Fantoli 7";"Via Fantoli 7";"ANTINCENDIO";"1154 m2 n.ro x Illum. Emergenza";"Semestrale";"UNI EN 1838";"DA VERIFICARE";"Test di autonomia.";"";"2026-06-15";"Normal";"200"
"17";"Via Fantoli 7";"Via Fantoli 7";"ANTINCENDIO";"11 n.ro x Porte Tagliafuoco / REI";"Semestrale";"DM 10/03/98";"DA VERIFICARE";"Verifica integritÃ  guarnizioni.";"";"2026-06-15";"Normal";"210"
"17";"Via Fantoli 7";"Via Fantoli 7";"ANTINCENDIO";"9 n.ro x Estintori";"Semestrale";"UNI 9994-1, DPR 151/11";"DA VERIFICARE";"Verificare pressione, carica e integritÃ .";"";"2026-06-15";"Normal";"220"
"17";"Via Fantoli 7";"Via Fantoli 7";"ANTINCENDIO";"2 n.ro x Idranti / Naspi";"Semestrale";"UNI 10779";"DA VERIFICARE";"Prova di portata e pressione.";"";"2026-06-15";"Normal";"240"
"18";"Via Palombino 4";"Via Monte Palombino 4";"MECCANICI";"109 m2 n.ro x Distribuzione impianti idronici e sottocentrali";"Annuale";"Norme Tecniche";"DA VERIFICARE";"Manutenzione";"";"2026-06-15";"Normal";"40"
"18";"Via Palombino 4";"Via Monte Palombino 4";"ELETTRICI";"109 m2 n.ro x Quadri e Distribuzione";"Annuale";"CEI 64-8";"DA VERIFICARE";"Pulizia carpenteria.";"";"2026-06-15";"Normal";"90"
"18";"Via Palombino 4";"Via Monte Palombino 4";"ELETTRICI";"3 n.ro x Locali Uso Medico (G1/G2)";"Annuale/Semestrale";"CEI 64-8/7-710";"DA VERIFICARE";"Prova differenziali.";"";"2026-06-15";"Normal";"110"
"18";"Via Palombino 4";"Via Monte Palombino 4";"ELETTRICI";"109 m2 n.ro x Impianto Terra / Scariche";"Biennale";"DPR 462/01";"DA VERIFICARE";"Misura resistenza terra.";"";"2026-06-15";"Normal";"120"
"18";"Via Palombino 4";"Via Monte Palombino 4";"MECCANICI";"109 m2 n.ro x Distribuzione idrico sanitaria";"Annuale";"D.Lgs 31/01";"DA VERIFICARE";"Verifiche perdite";"";"2026-06-15";"Normal";"150"
"18";"Via Palombino 4";"Via Monte Palombino 4";"MECCANICI";"2 n.ro x Prove della legionella della rete idrico-sanitaria";"Annuale";"Linee Guida";"DA VERIFICARE";"Prelievi";"";"2026-06-15";"Normal";"170"
"18";"Via Palombino 4";"Via Monte Palombino 4";"ANTINCENDIO";"109 m2 n.ro x Rilevazione Fumi";"Semestrale";"UNI 11224";"DA VERIFICARE";"Test dei rilevatori.";"";"2026-06-15";"Normal";"190"
"18";"Via Palombino 4";"Via Monte Palombino 4";"ANTINCENDIO";"109 m2 n.ro x Illum. Emergenza";"Semestrale";"UNI EN 1838";"DA VERIFICARE";"Test di autonomia.";"";"2026-06-15";"Normal";"200"
"18";"Via Palombino 4";"Via Monte Palombino 4";"ANTINCENDIO";"2 n.ro x Porte Tagliafuoco / REI";"Semestrale";"DM 10/03/98";"DA VERIFICARE";"Verifica integritÃ  guarnizioni.";"";"2026-06-15";"Normal";"210"
"18";"Via Palombino 4";"Via Monte Palombino 4";"ANTINCENDIO";"2 n.ro x Estintori";"Semestrale";"UNI 9994-1, DPR 151/11";"DA VERIFICARE";"Verificare pressione, carica e integritÃ .";"";"2026-06-15";"Normal";"220"
"19";"Via Quarenghi 21";"Via Quarenghi 21";"MECCANICI";"641 m2 n.ro x Distribuzione impianti idronici e sottocentrali";"Annuale";"Norme Tecniche";"DA VERIFICARE";"Manutenzione";"";"2026-06-15";"Normal";"40"
"19";"Via Quarenghi 21";"Via Quarenghi 21";"ELETTRICI";"641 m2 n.ro x Quadri e Distribuzione";"Annuale";"CEI 64-8";"DA VERIFICARE";"Pulizia carpenteria.";"";"2026-06-15";"Normal";"90"
"19";"Via Quarenghi 21";"Via Quarenghi 21";"ELETTRICI";"4 n.ro x Locali Uso Medico (G1/G2)";"Annuale/Semestrale";"CEI 64-8/7-710";"DA VERIFICARE";"Prova differenziali.";"";"2026-06-15";"Normal";"110"
"19";"Via Quarenghi 21";"Via Quarenghi 21";"ELETTRICI";"641 m2 n.ro x Impianto Terra / Scariche";"Biennale";"DPR 462/01";"DA VERIFICARE";"Misura resistenza terra.";"";"2026-06-15";"Normal";"120"
"19";"Via Quarenghi 21";"Via Quarenghi 21";"MECCANICI";"641 m2 n.ro x Distribuzione idrico sanitaria";"Annuale";"D.Lgs 31/01";"DA VERIFICARE";"Verifiche perdite";"";"2026-06-15";"Normal";"150"
"19";"Via Quarenghi 21";"Via Quarenghi 21";"MECCANICI";"2 n.ro x Prove della legionella della rete idrico-sanitaria";"Annuale";"Linee Guida";"DA VERIFICARE";"Prelievi";"";"2026-06-15";"Normal";"170"
"19";"Via Quarenghi 21";"Via Quarenghi 21";"ANTINCENDIO";"641 m2 n.ro x Rilevazione Fumi";"Semestrale";"UNI 11224";"DA VERIFICARE";"Test dei rilevatori.";"";"2026-06-15";"Normal";"190"
"19";"Via Quarenghi 21";"Via Quarenghi 21";"ANTINCENDIO";"641 m2 n.ro x Illum. Emergenza";"Semestrale";"UNI EN 1838";"DA VERIFICARE";"Test di autonomia.";"";"2026-06-15";"Normal";"200"
"19";"Via Quarenghi 21";"Via Quarenghi 21";"ANTINCENDIO";"8 n.ro x Porte Tagliafuoco / REI";"Semestrale";"DM 10/03/98";"DA VERIFICARE";"Verifica integritÃ  guarnizioni.";"";"2026-06-15";"Normal";"210"
"19";"Via Quarenghi 21";"Via Quarenghi 21";"ANTINCENDIO";"7 n.ro x Estintori";"Semestrale";"UNI 9994-1, DPR 151/11";"DA VERIFICARE";"Verificare pressione, carica e integritÃ .";"";"2026-06-15";"Normal";"220"
"20";"Via Aldini 72";"Via Aldini 72";"MECCANICI";"5508 m2 n.ro x Distribuzione impianti idronici e sottocentrali";"Annuale";"Norme Tecniche";"DA VERIFICARE";"Manutenzione";"";"2026-06-15";"Normal";"40"
"20";"Via Aldini 72";"Via Aldini 72";"ELETTRICI";"5508 m2 n.ro x Quadri e Distribuzione";"Annuale";"CEI 64-8";"DA VERIFICARE";"Pulizia carpenteria.";"";"2026-06-15";"Normal";"90"
"20";"Via Aldini 72";"Via Aldini 72";"ELETTRICI";"5508 m2 n.ro x Impianto Terra / Scariche";"Biennale";"DPR 462/01";"DA VERIFICARE";"Misura resistenza terra.";"";"2026-06-15";"Normal";"120"
"20";"Via Aldini 72";"Via Aldini 72";"MECCANICI";"5508 m2 n.ro x Distribuzione idrico sanitaria";"Annuale";"D.Lgs 31/01";"DA VERIFICARE";"Verifiche perdite";"";"2026-06-15";"Normal";"150"
"20";"Via Aldini 72";"Via Aldini 72";"MECCANICI";"2 n.ro x Prove della legionella della rete idrico-sanitaria";"Annuale";"Linee Guida";"DA VERIFICARE";"Prelievi";"";"2026-06-15";"Normal";"170"
"20";"Via Aldini 72";"Via Aldini 72";"ANTINCENDIO";"5508 m2 n.ro x Rilevazione Fumi";"Semestrale";"UNI 11224";"DA VERIFICARE";"Test dei rilevatori.";"";"2026-06-15";"Normal";"190"
"20";"Via Aldini 72";"Via Aldini 72";"ANTINCENDIO";"5508 m2 n.ro x Illum. Emergenza";"Semestrale";"UNI EN 1838";"DA VERIFICARE";"Test di autonomia.";"";"2026-06-15";"Normal";"200"
"21";"Via Perini 22";"Via Perini 22";"MECCANICI";"184 m2 n.ro x Distribuzione impianti idronici e sottocentrali";"Annuale";"Norme Tecniche";"DA VERIFICARE";"Manutenzione";"";"2026-06-15";"Normal";"40"
"21";"Via Perini 22";"Via Perini 22";"ELETTRICI";"184 m2 n.ro x Quadri e Distribuzione";"Annuale";"CEI 64-8";"DA VERIFICARE";"Pulizia carpenteria.";"";"2026-06-15";"Normal";"90"
"21";"Via Perini 22";"Via Perini 22";"ELETTRICI";"184 m2 n.ro x Impianto Terra / Scariche";"Biennale";"DPR 462/01";"DA VERIFICARE";"Misura resistenza terra.";"";"2026-06-15";"Normal";"120"
"21";"Via Perini 22";"Via Perini 22";"MECCANICI";"184 m2 n.ro x Distribuzione idrico sanitaria";"Annuale";"D.Lgs 31/01";"DA VERIFICARE";"Verifiche perdite";"";"2026-06-15";"Normal";"150"
"21";"Via Perini 22";"Via Perini 22";"MECCANICI";"2 n.ro x Prove della legionella della rete idrico-sanitaria";"Annuale";"Linee Guida";"DA VERIFICARE";"Prelievi";"";"2026-06-15";"Normal";"170"
"21";"Via Perini 22";"Via Perini 22";"ANTINCENDIO";"184 m2 n.ro x Rilevazione Fumi";"Semestrale";"UNI 11224";"DA VERIFICARE";"Test dei rilevatori.";"";"2026-06-15";"Normal";"190"
"21";"Via Perini 22";"Via Perini 22";"ANTINCENDIO";"184 m2 n.ro x Illum. Emergenza";"Semestrale";"UNI EN 1838";"DA VERIFICARE";"Test di autonomia.";"";"2026-06-15";"Normal";"200"
"21";"Via Perini 22";"Via Perini 22";"ANTINCENDIO";"4 n.ro x Estintori";"Semestrale";"UNI 9994-1, DPR 151/11";"DA VERIFICARE";"Verificare pressione, carica e integritÃ .";"";"2026-06-15";"Normal";"220"
"22";"Via Cilea 146A";"Via Francesco Cilea 146A";"MECCANICI";"405 m2 n.ro x Distribuzione impianti idronici e sottocentrali";"Annuale";"Norme Tecniche";"DA VERIFICARE";"Manutenzione";"";"2026-06-15";"Normal";"40"
"22";"Via Cilea 146A";"Via Francesco Cilea 146A";"ELETTRICI";"405 m2 n.ro x Quadri e Distribuzione";"Annuale";"CEI 64-8";"DA VERIFICARE";"Pulizia carpenteria.";"";"2026-06-15";"Normal";"90"
"22";"Via Cilea 146A";"Via Francesco Cilea 146A";"ELETTRICI";"405 m2 n.ro x Impianto Terra / Scariche";"Biennale";"DPR 462/01";"DA VERIFICARE";"Misura resistenza terra.";"";"2026-06-15";"Normal";"120"
"22";"Via Cilea 146A";"Via Francesco Cilea 146A";"MECCANICI";"405 m2 n.ro x Distribuzione idrico sanitaria";"Annuale";"D.Lgs 31/01";"DA VERIFICARE";"Verifiche perdite";"";"2026-06-15";"Normal";"150"
"22";"Via Cilea 146A";"Via Francesco Cilea 146A";"MECCANICI";"2 n.ro x Prove della legionella della rete idrico-sanitaria";"Annuale";"Linee Guida";"DA VERIFICARE";"Prelievi";"";"2026-06-15";"Normal";"170"
"22";"Via Cilea 146A";"Via Francesco Cilea 146A";"ANTINCENDIO";"405 m2 n.ro x Rilevazione Fumi";"Semestrale";"UNI 11224";"DA VERIFICARE";"Test dei rilevatori.";"";"2026-06-15";"Normal";"190"
"22";"Via Cilea 146A";"Via Francesco Cilea 146A";"ANTINCENDIO";"405 m2 n.ro x Illum. Emergenza";"Semestrale";"UNI EN 1838";"DA VERIFICARE";"Test di autonomia.";"";"2026-06-15";"Normal";"200"
"22";"Via Cilea 146A";"Via Francesco Cilea 146A";"ANTINCENDIO";"6 n.ro x Porte Tagliafuoco / REI";"Semestrale";"DM 10/03/98";"DA VERIFICARE";"Verifica integritÃ  guarnizioni.";"";"2026-06-15";"Normal";"210"
"22";"Via Cilea 146A";"Via Francesco Cilea 146A";"ELEVATORI";"1 n.ro x Elevatori (1-5 piani)";"Mensile / Semestrale";"DPR 162/99";"DA VERIFICARE";"Verifica sicurezze.";"";"2026-06-15";"Normal";"250"
"23";"Via Sanzio 9";"Via Raffaello Sanzio 9";"MECCANICI";"303 m2 n.ro x Distribuzione impianti idronici e sottocentrali";"Annuale";"Norme Tecniche";"DA VERIFICARE";"Manutenzione";"";"2026-06-15";"Normal";"40"
"23";"Via Sanzio 9";"Via Raffaello Sanzio 9";"ELETTRICI";"303 m2 n.ro x Quadri e Distribuzione";"Annuale";"CEI 64-8";"DA VERIFICARE";"Pulizia carpenteria.";"";"2026-06-15";"Normal";"90"
"23";"Via Sanzio 9";"Via Raffaello Sanzio 9";"ELETTRICI";"303 m2 n.ro x Impianto Terra / Scariche";"Biennale";"DPR 462/01";"DA VERIFICARE";"Misura resistenza terra.";"";"2026-06-15";"Normal";"120"
"23";"Via Sanzio 9";"Via Raffaello Sanzio 9";"MECCANICI";"303 m2 n.ro x Distribuzione idrico sanitaria";"Annuale";"D.Lgs 31/01";"DA VERIFICARE";"Verifiche perdite";"";"2026-06-15";"Normal";"150"
"23";"Via Sanzio 9";"Via Raffaello Sanzio 9";"MECCANICI";"2 n.ro x Prove della legionella della rete idrico-sanitaria";"Annuale";"Linee Guida";"DA VERIFICARE";"Prelievi";"";"2026-06-15";"Normal";"170"
"23";"Via Sanzio 9";"Via Raffaello Sanzio 9";"ANTINCENDIO";"303 m2 n.ro x Rilevazione Fumi";"Semestrale";"UNI 11224";"DA VERIFICARE";"Test dei rilevatori.";"";"2026-06-15";"Normal";"190"
"23";"Via Sanzio 9";"Via Raffaello Sanzio 9";"ANTINCENDIO";"303 m2 n.ro x Illum. Emergenza";"Semestrale";"UNI EN 1838";"DA VERIFICARE";"Test di autonomia.";"";"2026-06-15";"Normal";"200"
"23";"Via Sanzio 9";"Via Raffaello Sanzio 9";"ANTINCENDIO";"1 n.ro x Porte Tagliafuoco / REI";"Semestrale";"DM 10/03/98";"DA VERIFICARE";"Verifica integritÃ  guarnizioni.";"";"2026-06-15";"Normal";"210"
"23";"Via Sanzio 9";"Via Raffaello Sanzio 9";"ANTINCENDIO";"1 n.ro x Idranti / Naspi";"Semestrale";"UNI 10779";"DA VERIFICARE";"Prova di portata e pressione.";"";"2026-06-15";"Normal";"240"
"24";"Via Statuto 5";"Via Statuto 5";"Elettrico";"638 m2 superficie lorda x Distribuzione elettrica, quadri, ecc.";"Annuale";"Normativa vigente";"DA VERIFICARE";"Sorgente: Scadenzario";"DA VERIFICARE";"2026-04-15";"Normal";"90"
"24";"Via Statuto 5";"Via Statuto 5";"Elettrico";"638 m2 superficie lorda x Verifiche impianti di terra e protezione scariche atmosferiche";"Annuale";"Normativa vigente";"DA VERIFICARE";"Sorgente: Scadenzario";"DA VERIFICARE";"2026-04-15";"Normal";"120"
"24";"Via Statuto 5";"Via Statuto 5";"Idrico";"638 m2 superficie lorda x Distribuzione idrico sanitaria";"Trimestrale";"Normativa vigente";"DA VERIFICARE";"Sorgente: Scadenzario";"DA VERIFICARE";"2026-06-15";"Normal";"150"
"24";"Via Statuto 5";"Via Statuto 5";"Idrico";"2 n.ro analisi effettuate annue x Prove della legionella della rete idrico-sanitaria";"Trimestrale";"Normativa vigente";"DA VERIFICARE";"Sorgente: Scadenzario";"DA VERIFICARE";"2026-06-15";"Normal";"170"
"25";"Via Erlembaldo 4D";"Via S. Erlembaldo 4D";"Elettrico";"Distribuzione elettrica, quadri, ecc.";"Periodica";"Normativa vigente";"DA VERIFICARE";"Sorgente: Scadenzario";;;"Normal";"90"
"25";"Via Erlembaldo 4D";"Via S. Erlembaldo 4D";"Elettrico";"Verifiche locali uso medico";"Periodica";"Normativa vigente";"DA VERIFICARE";"Sorgente: Scadenzario";;;"Normal";"110"
"25";"Via Erlembaldo 4D";"Via S. Erlembaldo 4D";"Elettrico";"Verifiche impianti di terra e protezione scariche atmosferiche";"Periodica";"Normativa vigente";"DA VERIFICARE";"Sorgente: Scadenzario";;;"Normal";"120"
"25";"Via Erlembaldo 4D";"Via S. Erlembaldo 4D";"Idrico";"Distribuzione idrico sanitaria";"Periodica";"Normativa vigente";"DA VERIFICARE";"Sorgente: Scadenzario";;;"Normal";"150"
"25";"Via Erlembaldo 4D";"Via S. Erlembaldo 4D";"Idrico";"Prove della legionella della rete idrico-sanitaria";"Periodica";"Normativa vigente";"DA VERIFICARE";"Sorgente: Scadenzario";;;"Normal";"170"
"26";"Via Padova 118";"Via Padova 118";"Elettrico";"275 m2 superficie lorda x Distribuzione elettrica, quadri, ecc.";"Annuale";"Normativa vigente";"DA VERIFICARE";"Sorgente: Scadenzario";"DA VERIFICARE";"2026-06-15";"Normal";"90"
"26";"Via Padova 118";"Via Padova 118";"Elettrico";"275 m2 superficie lorda x Verifiche impianti di terra e protezione scariche atmosferiche";"Annuale";"Normativa vigente";"DA VERIFICARE";"Sorgente: Scadenzario";"DA VERIFICARE";"2026-06-15";"Normal";"120"
"26";"Via Padova 118";"Via Padova 118";"Idrico";"275 m2 superficie lorda x Distribuzione idrico sanitaria";"Trimestrale";"Normativa vigente";"DA VERIFICARE";"Sorgente: Scadenzario";"DA VERIFICARE";"2026-06-15";"Normal";"150"
"26";"Via Padova 118";"Via Padova 118";"Idrico";"2 n.ro analisi effettuate annue x Prove della legionella della rete idrico-sanitaria";"Periodica";"Normativa vigente";"DA VERIFICARE";"Sorgente: Scadenzario";;;"Normal";"170"
"27";"L.go Volontari del sangue 1";"Largo Volontari del Sangue 1";"Elettrico";"677 m2 superficie lorda x Distribuzione elettrica, quadri, ecc.";"Annuale";"Normativa vigente";"DA VERIFICARE";"Sorgente: Scadenzario";"DA VERIFICARE";"2026-07-15";"Normal";"90"
"27";"L.go Volontari del sangue 1";"Largo Volontari del Sangue 1";"Elettrico";"1 n.ro locali gruppo 1 e 2 x Verifiche locali uso medico";"Annuale";"Normativa vigente";"DA VERIFICARE";"Sorgente: Scadenzario";"DA VERIFICARE";"2026-07-15";"Normal";"110"
"27";"L.go Volontari del sangue 1";"Largo Volontari del Sangue 1";"Elettrico";"677 m2 superficie lorda x Verifiche impianti di terra e protezione scariche atmosferiche";"Annuale";"Normativa vigente";"DA VERIFICARE";"Sorgente: Scadenzario";"DA VERIFICARE";"2026-07-15";"Normal";"120"
"27";"L.go Volontari del sangue 1";"Largo Volontari del Sangue 1";"Idrico";"644 m2 superficie lorda x Distribuzione idrico sanitaria";"Trimestrale";"Normativa vigente";"DA VERIFICARE";"Sorgente: Scadenzario";"DA VERIFICARE";"2026-06-15";"Normal";"150"
"27";"L.go Volontari del sangue 1";"Largo Volontari del Sangue 1";"Idrico";"2 n.ro analisi effettuate annue x Prove della legionella della rete idrico-sanitaria";"Periodica";"Normativa vigente";"DA VERIFICARE";"Sorgente: Scadenzario";;;"Normal";"170"
"28";"Via Plebisciti 4";"Corso Plebisciti 4";"Elettrico";"276 m2 superficie lorda x Distribuzione elettrica, quadri, ecc.";"Annuale";"Normativa vigente";"DA VERIFICARE";"Sorgente: Scadenzario";"DA VERIFICARE";"2026-08-15";"Normal";"90"
"28";"Via Plebisciti 4";"Corso Plebisciti 4";"Elettrico";"276 m2 superficie lorda x Verifiche impianti di terra e protezione scariche atmosferiche";"Annuale";"Normativa vigente";"DA VERIFICARE";"Sorgente: Scadenzario";"DA VERIFICARE";"2026-08-15";"Normal";"120"
"28";"Via Plebisciti 4";"Corso Plebisciti 4";"Idrico";"276 m2 superficie lorda x Distribuzione idrico sanitaria";"Trimestrale";"Normativa vigente";"DA VERIFICARE";"Sorgente: Scadenzario";"DA VERIFICARE";"2026-06-15";"Normal";"150"
"28";"Via Plebisciti 4";"Corso Plebisciti 4";"Idrico";"2 n.ro analisi effettuate annue x Prove della legionella della rete idrico-sanitaria";"Trimestrale";"Normativa vigente";"DA VERIFICARE";"Sorgente: Scadenzario";"DA VERIFICARE";"2026-06-15";"Normal";"170"
"29";"Via Serlio 8";"Via Serlio 8";"Elettrico";"437 m2 superficie lorda x Distribuzione elettrica, quadri, ecc.";"Periodica";"Normativa vigente";"DA VERIFICARE";"Sorgente: Scadenzario";;;"Normal";"90"
"29";"Via Serlio 8";"Via Serlio 8";"Elettrico";"437 m2 superficie lorda x Verifiche impianti di terra e protezione scariche atmosferiche";"Annuale";"Normativa vigente";"DA VERIFICARE";"Sorgente: Scadenzario";"DA VERIFICARE";"2026-09-15";"Normal";"120"
"29";"Via Serlio 8";"Via Serlio 8";"Idrico";"437 m2 superficie lorda x Distribuzione idrico sanitaria";"Trimestrale";"Normativa vigente";"DA VERIFICARE";"Sorgente: Scadenzario";"DA VERIFICARE";"2026-06-15";"Normal";"150"
"29";"Via Serlio 8";"Via Serlio 8";"Idrico";"2 n.ro analisi effettuate annue x Prove della legionella della rete idrico-sanitaria";"Periodica";"Normativa vigente";"DA VERIFICARE";"Sorgente: Scadenzario";;;"Normal";"170"
"31";"V.le Puglie 33";"Viale Puglie 33";"Elettrico";"370 m2 superficie lorda x Distribuzione elettrica, quadri, ecc.";"Annuale";"Normativa vigente";"DA VERIFICARE";"Sorgente: Scadenzario";"DA VERIFICARE";"2026-05-15";"Normal";"90"
"31";"V.le Puglie 33";"Viale Puglie 33";"Elettrico";"370 m2 superficie lorda x Verifiche impianti di terra e protezione scariche atmosferiche";"Annuale";"Normativa vigente";"DA VERIFICARE";"Sorgente: Scadenzario";"DA VERIFICARE";"2026-05-15";"Normal";"120"
"31";"V.le Puglie 33";"Viale Puglie 33";"Idrico";"370 m2 superficie lorda x Distribuzione idrico sanitaria";"Trimestrale";"Normativa vigente";"DA VERIFICARE";"Sorgente: Scadenzario";"DA VERIFICARE";"2026-06-15";"Normal";"150"
"31";"V.le Puglie 33";"Viale Puglie 33";"Idrico";"2 n.ro analisi effettuate annue x Prove della legionella della rete idrico-sanitaria";"Trimestrale";"Normativa vigente";"DA VERIFICARE";"Sorgente: Scadenzario";"DA VERIFICARE";"2026-06-15";"Normal";"170"
"32";"Via Natta 19";"Via Giulio Natta 19";"Elettrico";"395 m2 superficie lorda x Distribuzione elettrica, quadri, ecc.";"Annuale";"Normativa vigente";"DA VERIFICARE";"Sorgente: Scadenzario";"DA VERIFICARE";"2026-06-15";"Normal";"90"
"32";"Via Natta 19";"Via Giulio Natta 19";"Elettrico";"395 m2 superficie lorda x Verifiche impianti di terra e protezione scariche atmosferiche";"Periodica";"Normativa vigente";"DA VERIFICARE";"Sorgente: Scadenzario";;;"Normal";"120"
"32";"Via Natta 19";"Via Giulio Natta 19";"Idrico";"395 m2 superficie lorda x Distribuzione idrico sanitaria";"Trimestrale";"Normativa vigente";"DA VERIFICARE";"Sorgente: Scadenzario";"DA VERIFICARE";"2026-06-15";"Normal";"150"
"32";"Via Natta 19";"Via Giulio Natta 19";"Idrico";"2 n.ro analisi effettuate annue x Prove della legionella della rete idrico-sanitaria";"Periodica";"Normativa vigente";"DA VERIFICARE";"Sorgente: Scadenzario";;;"Normal";"170"
"33";"Via Oglio 4";"Via Oglio 4";"Elettrico";"98 m2 superficie lorda x Distribuzione elettrica, quadri, ecc.";"Annuale";"Normativa vigente";"DA VERIFICARE";"Sorgente: Scadenzario";"DA VERIFICARE";"2026-07-15";"Normal";"90"
"33";"Via Oglio 4";"Via Oglio 4";"Elettrico";"98 m2 superficie lorda x Verifiche impianti di terra e protezione scariche atmosferiche";"Annuale";"Normativa vigente";"DA VERIFICARE";"Sorgente: Scadenzario";"DA VERIFICARE";"2026-07-15";"Normal";"120"
"33";"Via Oglio 4";"Via Oglio 4";"Idrico";"98 m2 superficie lorda x Distribuzione idrico sanitaria";"Trimestrale";"Normativa vigente";"DA VERIFICARE";"Sorgente: Scadenzario";"DA VERIFICARE";"2026-06-15";"Normal";"150"
"33";"Via Oglio 4";"Via Oglio 4";"Idrico";"2 n.ro analisi effettuate annue x Prove della legionella della rete idrico-sanitaria";"Trimestrale";"Normativa vigente";"DA VERIFICARE";"Sorgente: Scadenzario";"DA VERIFICARE";"2026-06-15";"Normal";"170"
